<?xml version="1.0" encoding="UTF-8"?>
<project-private xmlns="http://www.netbeans.org/ns/project-private/1">
    <editor-bookmarks xmlns="http://www.netbeans.org/ns/editor-bookmarks/2" lastBookmarkId="0"/>
    <open-files xmlns="http://www.netbeans.org/ns/projectui-open-files/2">
        <group>
            <file>file:/home/gballesteros/Documentos/Developer/Compiladores/Robot-0_1/src/Sintactico/TestSintactico.java</file>
            <file>file:/home/gballesteros/Documentos/Developer/Compiladores/Robot-0_1/src/Lexico/TestLexico.java</file>
            <file>file:/home/gballesteros/Documentos/Developer/Compiladores/Robot-0_1/src/Config/Sintactico.cup</file>
            <file>file:/home/gballesteros/Documentos/Developer/Compiladores/Robot-0_1/src/Interprete/Interprete.java</file>
            <file>file:/home/gballesteros/Documentos/Developer/Compiladores/Robot-0_1/src/Config/PruebaLexico.java</file>
            <file>file:/home/gballesteros/Documentos/Developer/Compiladores/Robot-0_1/src/Interprete/Intermedio.java</file>
        </group>
    </open-files>
</project-private>
